id,title,category,subcategory,source_type,health,item_count,last_success,url,rss_url,atom_url,json_url,ics_url
jb-sjc-opinions,Supreme Judicial Court (Law Court) Published Opinions,Maine Judicial Branch,Supreme Judicial Court Opinions,html,ok,50,2026-08-16T12:58:44.108687+00:00,https://www.courts.maine.gov/courts/sjc/opinions.html,https://bedardandy.github.io/maine-government-feeds/feeds/rss/jb-sjc-opinions.xml,https://bedardandy.github.io/maine-government-feeds/feeds/atom/jb-sjc-opinions.xml,https://bedardandy.github.io/maine-government-feeds/feeds/json/jb-sjc-opinions.json,https://bedardandy.github.io/maine-government-feeds/calendar/jb-sjc-opinions.ics
jb-bcd-orders,Business and Consumer Docket (BCD) Orders and Decisions,Maine Judicial Branch,Business and Consumer Docket opinions/orders,html,ok,50,2026-08-16T12:58:44.220271+00:00,https://www.courts.maine.gov/courts/bcd/orders.html,https://bedardandy.github.io/maine-government-feeds/feeds/rss/jb-bcd-orders.xml,https://bedardandy.github.io/maine-government-feeds/feeds/atom/jb-bcd-orders.xml,https://bedardandy.github.io/maine-government-feeds/feeds/json/jb-bcd-orders.json,https://bedardandy.github.io/maine-government-feeds/calendar/jb-bcd-orders.ics
jb-rules-proposed,Maine Judicial Branch Proposed Rule Amendments,Maine Judicial Branch,Rules amendments,page_monitor,ok,1,2026-08-16T12:58:44.438796+00:00,https://www.courts.maine.gov/rules/proposed.html,https://bedardandy.github.io/maine-government-feeds/feeds/rss/jb-rules-proposed.xml,https://bedardandy.github.io/maine-government-feeds/feeds/atom/jb-rules-proposed.xml,https://bedardandy.github.io/maine-government-feeds/feeds/json/jb-rules-proposed.json,https://bedardandy.github.io/maine-government-feeds/calendar/jb-rules-proposed.ics
jb-admin-orders,Maine Judicial Branch Administrative Orders,Maine Judicial Branch,Administrative orders,html,ok,50,2026-08-16T12:58:44.472174+00:00,https://www.courts.maine.gov/adminorders/index.html,https://bedardandy.github.io/maine-government-feeds/feeds/rss/jb-admin-orders.xml,https://bedardandy.github.io/maine-government-feeds/feeds/atom/jb-admin-orders.xml,https://bedardandy.github.io/maine-government-feeds/feeds/json/jb-admin-orders.json,https://bedardandy.github.io/maine-government-feeds/calendar/jb-admin-orders.ics
jb-standing-orders,Maine Judicial Branch Standing Orders,Maine Judicial Branch,Standing orders,html,ok,19,2026-08-16T12:58:44.530813+00:00,https://www.courts.maine.gov/adminorders/index.html,https://bedardandy.github.io/maine-government-feeds/feeds/rss/jb-standing-orders.xml,https://bedardandy.github.io/maine-government-feeds/feeds/atom/jb-standing-orders.xml,https://bedardandy.github.io/maine-government-feeds/feeds/json/jb-standing-orders.json,https://bedardandy.github.io/maine-government-feeds/calendar/jb-standing-orders.ics
jb-court-forms,Maine Judicial Branch Court Forms,Maine Judicial Branch,Court forms,page_monitor,ok,1,2026-08-16T12:58:44.589760+00:00,https://www.courts.maine.gov/forms/index.html,https://bedardandy.github.io/maine-government-feeds/feeds/rss/jb-court-forms.xml,https://bedardandy.github.io/maine-government-feeds/feeds/atom/jb-court-forms.xml,https://bedardandy.github.io/maine-government-feeds/feeds/json/jb-court-forms.json,https://bedardandy.github.io/maine-government-feeds/calendar/jb-court-forms.ics
jb-court-fees,Maine Judicial Branch Court Fees Schedule,Maine Judicial Branch,Court fees,page_monitor,ok,1,2026-08-16T12:58:44.619854+00:00,https://www.courts.maine.gov/forms/fees.html,https://bedardandy.github.io/maine-government-feeds/feeds/rss/jb-court-fees.xml,https://bedardandy.github.io/maine-government-feeds/feeds/atom/jb-court-fees.xml,https://bedardandy.github.io/maine-government-feeds/feeds/json/jb-court-fees.json,https://bedardandy.github.io/maine-government-feeds/calendar/jb-court-fees.ics
jb-efiling-notices,Maine eCourts / eFileMaine News & Announcements,Maine Judicial Branch,eFiling notices,html,ok,38,2026-08-16T12:58:44.750616+00:00,https://www.courts.maine.gov/ecourts/news.html,https://bedardandy.github.io/maine-government-feeds/feeds/rss/jb-efiling-notices.xml,https://bedardandy.github.io/maine-government-feeds/feeds/atom/jb-efiling-notices.xml,https://bedardandy.github.io/maine-government-feeds/feeds/json/jb-efiling-notices.json,https://bedardandy.github.io/maine-government-feeds/calendar/jb-efiling-notices.ics
jb-news,Maine Judicial Branch News & Announcements,Maine Judicial Branch,Judicial Branch news,html,ok,50,2026-08-16T12:58:45.212869+00:00,https://www.courts.maine.gov/news/index.html,https://bedardandy.github.io/maine-government-feeds/feeds/rss/jb-news.xml,https://bedardandy.github.io/maine-government-feeds/feeds/atom/jb-news.xml,https://bedardandy.github.io/maine-government-feeds/feeds/json/jb-news.json,https://bedardandy.github.io/maine-government-feeds/calendar/jb-news.ics
jb-court-alerts,Maine Judicial Branch Court Alerts & Closings,Maine Judicial Branch,Jury/court closure notices,page_monitor,ok,6,2026-08-16T12:58:45.289417+00:00,https://www.courts.maine.gov/courts/alerts.shtml,https://bedardandy.github.io/maine-government-feeds/feeds/rss/jb-court-alerts.xml,https://bedardandy.github.io/maine-government-feeds/feeds/atom/jb-court-alerts.xml,https://bedardandy.github.io/maine-government-feeds/feeds/json/jb-court-alerts.json,https://bedardandy.github.io/maine-government-feeds/calendar/jb-court-alerts.ics
jb-jury-notices,Maine Judicial Branch Jury Status Notices,Maine Judicial Branch,Jury/court closure notices,page_monitor,ok,49,2026-08-16T12:58:45.357248+00:00,https://www.courts.maine.gov/juror/notice.shtml,https://bedardandy.github.io/maine-government-feeds/feeds/rss/jb-jury-notices.xml,https://bedardandy.github.io/maine-government-feeds/feeds/atom/jb-jury-notices.xml,https://bedardandy.github.io/maine-government-feeds/feeds/json/jb-jury-notices.json,https://bedardandy.github.io/maine-government-feeds/calendar/jb-jury-notices.ics
leg-bill-directory,Maine Legislature Bill Directory (current Legislature),Maine Legislature,Bills/search updates,page_monitor,ok,1,2026-08-16T12:58:48.687400+00:00,https://legislature.maine.gov/bills/billdirectory_ps.asp,https://bedardandy.github.io/maine-government-feeds/feeds/rss/leg-bill-directory.xml,https://bedardandy.github.io/maine-government-feeds/feeds/atom/leg-bill-directory.xml,https://bedardandy.github.io/maine-government-feeds/feeds/json/leg-bill-directory.json,https://bedardandy.github.io/maine-government-feeds/calendar/leg-bill-directory.ics
leg-committee-hearings,Maine Legislature Schedule of Public Hearings and Work Sessions,Maine Legislature,Committee notices,page_monitor,ok,1,2026-08-16T12:58:48.764324+00:00,https://legislature.maine.gov/bills/phwkSched.html,https://bedardandy.github.io/maine-government-feeds/feeds/rss/leg-committee-hearings.xml,https://bedardandy.github.io/maine-government-feeds/feeds/atom/leg-committee-hearings.xml,https://bedardandy.github.io/maine-government-feeds/feeds/json/leg-committee-hearings.json,https://bedardandy.github.io/maine-government-feeds/calendar/leg-committee-hearings.ics
leg-hearings-schedule,Maine Legislature Public Hearings & Work Sessions (structured schedule),Maine Legislature,Committee notices,me_leg_hearings,ok,0,2026-08-16T12:58:49.671925+00:00,https://legislature.maine.gov/bills/phwkSched.html,https://bedardandy.github.io/maine-government-feeds/feeds/rss/leg-hearings-schedule.xml,https://bedardandy.github.io/maine-government-feeds/feeds/atom/leg-hearings-schedule.xml,https://bedardandy.github.io/maine-government-feeds/feeds/json/leg-hearings-schedule.json,https://bedardandy.github.io/maine-government-feeds/calendar/leg-hearings-schedule.ics
leg-lawlibrary-news,Maine Law and Legislative Reference Library — New/Popular Items,Maine Legislature,Law and Legislative Reference Library news,page_monitor,ok,1,2026-08-16T12:58:49.728562+00:00,https://legislature.maine.gov/lawlibrary,https://bedardandy.github.io/maine-government-feeds/feeds/rss/leg-lawlibrary-news.xml,https://bedardandy.github.io/maine-government-feeds/feeds/atom/leg-lawlibrary-news.xml,https://bedardandy.github.io/maine-government-feeds/feeds/json/leg-lawlibrary-news.json,https://bedardandy.github.io/maine-government-feeds/calendar/leg-lawlibrary-news.ics
leg-session-laws,Maine Legislature — Laws of Maine (Session/Chaptered Law),Maine Legislature,Chaptered laws / public laws,page_monitor,ok,1,2026-08-16T12:58:49.795301+00:00,https://legislature.maine.gov/ros/LawsOfMaine/,https://bedardandy.github.io/maine-government-feeds/feeds/rss/leg-session-laws.xml,https://bedardandy.github.io/maine-government-feeds/feeds/atom/leg-session-laws.xml,https://bedardandy.github.io/maine-government-feeds/feeds/json/leg-session-laws.json,https://bedardandy.github.io/maine-government-feeds/calendar/leg-session-laws.ics
leg-mrs-statutes,Maine Revised Statutes — List of Titles,Maine Legislature,Rules/regulations resources,page_monitor,ok,1,2026-08-16T12:58:49.847771+00:00,https://legislature.maine.gov/statutes/,https://bedardandy.github.io/maine-government-feeds/feeds/rss/leg-mrs-statutes.xml,https://bedardandy.github.io/maine-government-feeds/feeds/atom/leg-mrs-statutes.xml,https://bedardandy.github.io/maine-government-feeds/feeds/json/leg-mrs-statutes.json,https://bedardandy.github.io/maine-government-feeds/calendar/leg-mrs-statutes.ics
sos-corporations,"Maine Secretary of State — Bureau of Corporations, Elections & Commissions News",Maine Secretary of State,Bureau of Corporations,native_rss,ok,15,2026-08-16T12:58:50.086636+00:00,https://www.maine.gov/sos/about-us/news,https://bedardandy.github.io/maine-government-feeds/feeds/rss/sos-corporations.xml,https://bedardandy.github.io/maine-government-feeds/feeds/atom/sos-corporations.xml,https://bedardandy.github.io/maine-government-feeds/feeds/json/sos-corporations.json,https://bedardandy.github.io/maine-government-feeds/calendar/sos-corporations.ics
sos-ucc,Maine UCC (Uniform Commercial Code) Filing Division,Maine Secretary of State,UCC,page_monitor,ok,1,2026-08-16T12:58:50.233343+00:00,https://www.maine.gov/sos/corporations-commissions/uniform-commercial-code,https://bedardandy.github.io/maine-government-feeds/feeds/rss/sos-ucc.xml,https://bedardandy.github.io/maine-government-feeds/feeds/atom/sos-ucc.xml,https://bedardandy.github.io/maine-government-feeds/feeds/json/sos-ucc.json,https://bedardandy.github.io/maine-government-feeds/calendar/sos-ucc.ics
sos-elections,Maine Secretary of State — Elections Division News,Maine Secretary of State,Elections,native_rss,ok,12,2026-08-16T12:58:50.261486+00:00,https://www.maine.gov/sos/elections-voting,https://bedardandy.github.io/maine-government-feeds/feeds/rss/sos-elections.xml,https://bedardandy.github.io/maine-government-feeds/feeds/atom/sos-elections.xml,https://bedardandy.github.io/maine-government-feeds/feeds/json/sos-elections.json,https://bedardandy.github.io/maine-government-feeds/calendar/sos-elections.ics
sos-rulemaking,Maine Secretary of State — Current Agency Rulemaking Notices,Maine Secretary of State,Rulemaking,html,ok,33,2026-08-16T12:58:50.376151+00:00,https://www.maine.gov/sos/rulemaking/notices/rulemaking-notices-current,https://bedardandy.github.io/maine-government-feeds/feeds/rss/sos-rulemaking.xml,https://bedardandy.github.io/maine-government-feeds/feeds/atom/sos-rulemaking.xml,https://bedardandy.github.io/maine-government-feeds/feeds/json/sos-rulemaking.json,https://bedardandy.github.io/maine-government-feeds/calendar/sos-rulemaking.ics
sos-notary-apostille,Maine Notary / Apostille / Authentication Services,Maine Secretary of State,Notary / apostille / authentication,page_monitor,ok,1,2026-08-16T12:58:50.482207+00:00,https://www.maine.gov/sos/corporations-commissions/authentications-and-apostilles,https://bedardandy.github.io/maine-government-feeds/feeds/rss/sos-notary-apostille.xml,https://bedardandy.github.io/maine-government-feeds/feeds/atom/sos-notary-apostille.xml,https://bedardandy.github.io/maine-government-feeds/feeds/json/sos-notary-apostille.json,https://bedardandy.github.io/maine-government-feeds/calendar/sos-notary-apostille.ics
sos-annual-report,Maine Annual Report Filing Notices,Maine Secretary of State,Annual report notices,page_monitor,ok,1,2026-08-16T12:58:50.587974+00:00,https://www.maine.gov/sos/corporations-commissions/filing-an-annual-report,https://bedardandy.github.io/maine-government-feeds/feeds/rss/sos-annual-report.xml,https://bedardandy.github.io/maine-government-feeds/feeds/atom/sos-annual-report.xml,https://bedardandy.github.io/maine-government-feeds/feeds/json/sos-annual-report.json,https://bedardandy.github.io/maine-government-feeds/calendar/sos-annual-report.ics
ag-opinions,Maine Attorney General Opinions,Maine Attorney General,Opinions,page_monitor,ok,1,2026-08-16T12:58:50.636069+00:00,https://www.maine.gov/legis/lawlib/lldl/agops/agops.htm,https://bedardandy.github.io/maine-government-feeds/feeds/rss/ag-opinions.xml,https://bedardandy.github.io/maine-government-feeds/feeds/atom/ag-opinions.xml,https://bedardandy.github.io/maine-government-feeds/feeds/json/ag-opinions.json,https://bedardandy.github.io/maine-government-feeds/calendar/ag-opinions.ics
ag-press-releases,Maine Attorney General Press Releases,Maine Attorney General,Press releases,native_rss,ok,12,2026-08-16T12:58:50.707681+00:00,https://www.maine.gov/ag/news-and-library/press-releases,https://bedardandy.github.io/maine-government-feeds/feeds/rss/ag-press-releases.xml,https://bedardandy.github.io/maine-government-feeds/feeds/atom/ag-press-releases.xml,https://bedardandy.github.io/maine-government-feeds/feeds/json/ag-press-releases.json,https://bedardandy.github.io/maine-government-feeds/calendar/ag-press-releases.ics
ag-consumer-protection,Maine AG Consumer Protection Scam Notices and Alerts,Maine Attorney General,Consumer protection alerts,html,ok,3,2026-08-16T12:58:50.880474+00:00,https://www.maine.gov/ag/news-and-library/consumer-scam-notices-and-alerts,https://bedardandy.github.io/maine-government-feeds/feeds/rss/ag-consumer-protection.xml,https://bedardandy.github.io/maine-government-feeds/feeds/atom/ag-consumer-protection.xml,https://bedardandy.github.io/maine-government-feeds/feeds/json/ag-consumer-protection.json,https://bedardandy.github.io/maine-government-feeds/calendar/ag-consumer-protection.ics
gov-executive-orders,Governor of Maine — Official Documents (Executive Orders),Governor / Executive Branch,Executive orders,native_rss,ok,13,2026-08-16T12:58:50.993429+00:00,https://www.maine.gov/governor/mills/official_documents,https://bedardandy.github.io/maine-government-feeds/feeds/rss/gov-executive-orders.xml,https://bedardandy.github.io/maine-government-feeds/feeds/atom/gov-executive-orders.xml,https://bedardandy.github.io/maine-government-feeds/feeds/json/gov-executive-orders.json,https://bedardandy.github.io/maine-government-feeds/calendar/gov-executive-orders.ics
gov-press-releases,Governor of Maine — Newsroom Press Releases,Governor / Executive Branch,Press releases,native_rss,ok,10,2026-08-16T12:58:51.036224+00:00,https://www.maine.gov/governor/mills/newsroom,https://bedardandy.github.io/maine-government-feeds/feeds/rss/gov-press-releases.xml,https://bedardandy.github.io/maine-government-feeds/feeds/atom/gov-press-releases.xml,https://bedardandy.github.io/maine-government-feeds/feeds/json/gov-press-releases.json,https://bedardandy.github.io/maine-government-feeds/calendar/gov-press-releases.ics
gov-boards-commissions,Governor of Maine — Boards and Commissions Nominees,Governor / Executive Branch,Boards and commissions notices,html,ok,28,2026-08-16T12:58:51.140861+00:00,https://www.maine.gov/governor/mills/about/boards-commissions-nominees,https://bedardandy.github.io/maine-government-feeds/feeds/rss/gov-boards-commissions.xml,https://bedardandy.github.io/maine-government-feeds/feeds/atom/gov-boards-commissions.xml,https://bedardandy.github.io/maine-government-feeds/feeds/json/gov-boards-commissions.json,https://bedardandy.github.io/maine-government-feeds/calendar/gov-boards-commissions.ics
mrs-tax-alerts,Maine Revenue Services Tax Alerts,Maine Revenue Services,Tax alerts,page_monitor,ok,2,2026-08-16T12:58:51.541007+00:00,https://www.maine.gov/revenue/publications/maine-tax-alerts,https://bedardandy.github.io/maine-government-feeds/feeds/rss/mrs-tax-alerts.xml,https://bedardandy.github.io/maine-government-feeds/feeds/atom/mrs-tax-alerts.xml,https://bedardandy.github.io/maine-government-feeds/feeds/json/mrs-tax-alerts.json,https://bedardandy.github.io/maine-government-feeds/calendar/mrs-tax-alerts.ics
mrs-tax-forms,Maine Revenue Services Tax Return Forms,Maine Revenue Services,Forms updates,page_monitor,ok,1,2026-08-16T12:58:51.921701+00:00,https://www.maine.gov/revenue/tax-return-forms,https://bedardandy.github.io/maine-government-feeds/feeds/rss/mrs-tax-forms.xml,https://bedardandy.github.io/maine-government-feeds/feeds/atom/mrs-tax-forms.xml,https://bedardandy.github.io/maine-government-feeds/feeds/json/mrs-tax-forms.json,https://bedardandy.github.io/maine-government-feeds/calendar/mrs-tax-forms.ics
mrs-rules-bulletins,Maine Revenue Services Rules and Rulemaking,Maine Revenue Services,Rules/bulletins,html,ok,48,2026-08-16T12:58:52.427554+00:00,https://www.maine.gov/revenue/publications/rules,https://bedardandy.github.io/maine-government-feeds/feeds/rss/mrs-rules-bulletins.xml,https://bedardandy.github.io/maine-government-feeds/feeds/atom/mrs-rules-bulletins.xml,https://bedardandy.github.io/maine-government-feeds/feeds/json/mrs-rules-bulletins.json,https://bedardandy.github.io/maine-government-feeds/calendar/mrs-rules-bulletins.ics
agency-dep-news,Maine Department of Environmental Protection News & Media Releases,Maine Agencies,DEP,html,ok,31,2026-08-16T12:58:52.472798+00:00,https://www.maine.gov/dep/news/index.html,https://bedardandy.github.io/maine-government-feeds/feeds/rss/agency-dep-news.xml,https://bedardandy.github.io/maine-government-feeds/feeds/atom/agency-dep-news.xml,https://bedardandy.github.io/maine-government-feeds/feeds/json/agency-dep-news.json,https://bedardandy.github.io/maine-government-feeds/calendar/agency-dep-news.ics
agency-dhhs-news,Maine Department of Health and Human Services News,Maine Agencies,DHHS,html,ok,26,2026-08-16T12:58:53.061784+00:00,https://www.maine.gov/dhhs/news,https://bedardandy.github.io/maine-government-feeds/feeds/rss/agency-dhhs-news.xml,https://bedardandy.github.io/maine-government-feeds/feeds/atom/agency-dhhs-news.xml,https://bedardandy.github.io/maine-government-feeds/feeds/json/agency-dhhs-news.json,https://bedardandy.github.io/maine-government-feeds/calendar/agency-dhhs-news.ics
agency-labor-news,Maine Department of Labor News & Events,Maine Agencies,Department of Labor,html,ok,18,2026-08-16T12:58:53.181809+00:00,https://www.maine.gov/labor/news_events/,https://bedardandy.github.io/maine-government-feeds/feeds/rss/agency-labor-news.xml,https://bedardandy.github.io/maine-government-feeds/feeds/atom/agency-labor-news.xml,https://bedardandy.github.io/maine-government-feeds/feeds/json/agency-labor-news.json,https://bedardandy.github.io/maine-government-feeds/calendar/agency-labor-news.ics
agency-pfr-press-releases,Maine Dept. of Professional and Financial Regulation Press Releases,Maine Agencies,Professional and Financial Regulation,html,ok,50,2026-08-16T12:58:54.932908+00:00,https://www.maine.gov/pfr/legal/press-releases,https://bedardandy.github.io/maine-government-feeds/feeds/rss/agency-pfr-press-releases.xml,https://bedardandy.github.io/maine-government-feeds/feeds/atom/agency-pfr-press-releases.xml,https://bedardandy.github.io/maine-government-feeds/feeds/json/agency-pfr-press-releases.json,https://bedardandy.github.io/maine-government-feeds/calendar/agency-pfr-press-releases.ics
agency-bureau-insurance-bulletins,Maine Bureau of Insurance Bulletins,Maine Agencies,Bureau of Insurance,html,ok,50,2026-08-16T12:58:55.057398+00:00,https://www.maine.gov/pfr/insurance/legal/bulletins,https://bedardandy.github.io/maine-government-feeds/feeds/rss/agency-bureau-insurance-bulletins.xml,https://bedardandy.github.io/maine-government-feeds/feeds/atom/agency-bureau-insurance-bulletins.xml,https://bedardandy.github.io/maine-government-feeds/feeds/json/agency-bureau-insurance-bulletins.json,https://bedardandy.github.io/maine-government-feeds/calendar/agency-bureau-insurance-bulletins.ics
agency-real-estate-commission,Maine Real Estate Commission News & Publications,Maine Agencies,Real Estate Commission,page_monitor,ok,10,2026-08-16T12:58:55.201648+00:00,https://www.maine.gov/pfr/professionallicensing/professions/real-estate-commission/home/news-publications,https://bedardandy.github.io/maine-government-feeds/feeds/rss/agency-real-estate-commission.xml,https://bedardandy.github.io/maine-government-feeds/feeds/atom/agency-real-estate-commission.xml,https://bedardandy.github.io/maine-government-feeds/feeds/json/agency-real-estate-commission.json,https://bedardandy.github.io/maine-government-feeds/calendar/agency-real-estate-commission.ics
agency-bmv-notices,Maine Bureau of Motor Vehicles Notices,Maine Agencies,BMV,page_monitor,ok,1,2026-08-16T12:58:55.313189+00:00,https://www.maine.gov/sos/bmv,https://bedardandy.github.io/maine-government-feeds/feeds/rss/agency-bmv-notices.xml,https://bedardandy.github.io/maine-government-feeds/feeds/atom/agency-bmv-notices.xml,https://bedardandy.github.io/maine-government-feeds/feeds/json/agency-bmv-notices.json,https://bedardandy.github.io/maine-government-feeds/calendar/agency-bmv-notices.ics
agency-mainecare-bulletins,MaineCare Policy Bulletins,Maine Agencies,MaineCare policy notices,html,ok,50,2026-08-16T12:58:56.166454+00:00,https://www.maine.gov/dhhs/oms/about-us/mainecare-bulletins,https://bedardandy.github.io/maine-government-feeds/feeds/rss/agency-mainecare-bulletins.xml,https://bedardandy.github.io/maine-government-feeds/feeds/atom/agency-mainecare-bulletins.xml,https://bedardandy.github.io/maine-government-feeds/feeds/json/agency-mainecare-bulletins.json,https://bedardandy.github.io/maine-government-feeds/calendar/agency-mainecare-bulletins.ics
agency-ethics-commission,Maine Commission on Governmental Ethics and Election Practices — Notices,Maine Agencies,Ethics Commission,page_monitor,ok,10,2026-08-16T12:58:56.219720+00:00,https://www.maine.gov/ethics/,https://bedardandy.github.io/maine-government-feeds/feeds/rss/agency-ethics-commission.xml,https://bedardandy.github.io/maine-government-feeds/feeds/atom/agency-ethics-commission.xml,https://bedardandy.github.io/maine-government-feeds/feeds/json/agency-ethics-commission.json,https://bedardandy.github.io/maine-government-feeds/calendar/agency-ethics-commission.ics
agency-puc-news,Maine Public Utilities Commission News & Press Releases,Maine Agencies,PUC,html,ok,7,2026-08-16T12:58:56.244193+00:00,https://www.maine.gov/mpuc/news,https://bedardandy.github.io/maine-government-feeds/feeds/rss/agency-puc-news.xml,https://bedardandy.github.io/maine-government-feeds/feeds/atom/agency-puc-news.xml,https://bedardandy.github.io/maine-government-feeds/feeds/json/agency-puc-news.json,https://bedardandy.github.io/maine-government-feeds/calendar/agency-puc-news.ics
agency-dacf-newsroom,"Maine Dept. of Agriculture, Conservation and Forestry Newsroom",Maine Agencies,DACF,html,ok,20,2026-08-16T12:58:56.373978+00:00,https://www.maine.gov/dacf/about/news/,https://bedardandy.github.io/maine-government-feeds/feeds/rss/agency-dacf-newsroom.xml,https://bedardandy.github.io/maine-government-feeds/feeds/atom/agency-dacf-newsroom.xml,https://bedardandy.github.io/maine-government-feeds/feeds/json/agency-dacf-newsroom.json,https://bedardandy.github.io/maine-government-feeds/calendar/agency-dacf-newsroom.ics
rod-androscoggin,Androscoggin County Registry of Deeds,Registries of Deeds,Androscoggin County,page_monitor,ok,1,2026-08-16T12:58:56.864100+00:00,https://www.androscoggincountymaine.gov/164/Registry-of-Deeds,https://bedardandy.github.io/maine-government-feeds/feeds/rss/rod-androscoggin.xml,https://bedardandy.github.io/maine-government-feeds/feeds/atom/rod-androscoggin.xml,https://bedardandy.github.io/maine-government-feeds/feeds/json/rod-androscoggin.json,https://bedardandy.github.io/maine-government-feeds/calendar/rod-androscoggin.ics
rod-aroostook,Aroostook County Registry of Deeds,Registries of Deeds,Aroostook County,page_monitor,failing,1,2026-07-05T10:23:12.642509+00:00,https://aroostook.me.us/departments/deeds/,https://bedardandy.github.io/maine-government-feeds/feeds/rss/rod-aroostook.xml,https://bedardandy.github.io/maine-government-feeds/feeds/atom/rod-aroostook.xml,https://bedardandy.github.io/maine-government-feeds/feeds/json/rod-aroostook.json,https://bedardandy.github.io/maine-government-feeds/calendar/rod-aroostook.ics
rod-cumberland,Cumberland County Registry of Deeds,Registries of Deeds,Cumberland County,page_monitor,ok,1,2026-08-16T12:58:57.105948+00:00,https://www.cumberlandcountyme.gov/departments/registry_of_deeds/index.php,https://bedardandy.github.io/maine-government-feeds/feeds/rss/rod-cumberland.xml,https://bedardandy.github.io/maine-government-feeds/feeds/atom/rod-cumberland.xml,https://bedardandy.github.io/maine-government-feeds/feeds/json/rod-cumberland.json,https://bedardandy.github.io/maine-government-feeds/calendar/rod-cumberland.ics
rod-franklin,Franklin County Registry of Deeds,Registries of Deeds,Franklin County,page_monitor,ok,6,2026-08-16T12:58:57.440475+00:00,https://www.franklincountymaine.gov/county-operations/registry-of-deeds/,https://bedardandy.github.io/maine-government-feeds/feeds/rss/rod-franklin.xml,https://bedardandy.github.io/maine-government-feeds/feeds/atom/rod-franklin.xml,https://bedardandy.github.io/maine-government-feeds/feeds/json/rod-franklin.json,https://bedardandy.github.io/maine-government-feeds/calendar/rod-franklin.ics
rod-hancock,Hancock County Registry of Deeds,Registries of Deeds,Hancock County,page_monitor,ok,50,2026-08-16T12:58:57.531676+00:00,https://hancockcountymaine.gov/registry-of-deeds/,https://bedardandy.github.io/maine-government-feeds/feeds/rss/rod-hancock.xml,https://bedardandy.github.io/maine-government-feeds/feeds/atom/rod-hancock.xml,https://bedardandy.github.io/maine-government-feeds/feeds/json/rod-hancock.json,https://bedardandy.github.io/maine-government-feeds/calendar/rod-hancock.ics
rod-kennebec,Kennebec County Registry of Deeds,Registries of Deeds,Kennebec County,page_monitor,ok,4,2026-08-16T12:58:57.751275+00:00,https://kennebec.gov/deeds/,https://bedardandy.github.io/maine-government-feeds/feeds/rss/rod-kennebec.xml,https://bedardandy.github.io/maine-government-feeds/feeds/atom/rod-kennebec.xml,https://bedardandy.github.io/maine-government-feeds/feeds/json/rod-kennebec.json,https://bedardandy.github.io/maine-government-feeds/calendar/rod-kennebec.ics
rod-knox,Knox County Registry of Deeds,Registries of Deeds,Knox County,page_monitor,ok,1,2026-08-16T12:58:58.140268+00:00,https://www.knoxcountymaine.gov/county_departments/registry_of_deeds/index.php,https://bedardandy.github.io/maine-government-feeds/feeds/rss/rod-knox.xml,https://bedardandy.github.io/maine-government-feeds/feeds/atom/rod-knox.xml,https://bedardandy.github.io/maine-government-feeds/feeds/json/rod-knox.json,https://bedardandy.github.io/maine-government-feeds/calendar/rod-knox.ics
rod-lincoln,Lincoln County Registry of Deeds,Registries of Deeds,Lincoln County,page_monitor,ok,1,2026-08-16T12:58:59.630040+00:00,https://www.lincolncountymaine.me/deeds,https://bedardandy.github.io/maine-government-feeds/feeds/rss/rod-lincoln.xml,https://bedardandy.github.io/maine-government-feeds/feeds/atom/rod-lincoln.xml,https://bedardandy.github.io/maine-government-feeds/feeds/json/rod-lincoln.json,https://bedardandy.github.io/maine-government-feeds/calendar/rod-lincoln.ics
rod-oxford,Oxford County Registry of Deeds,Registries of Deeds,Oxford County,page_monitor,ok,1,2026-08-16T12:58:59.853439+00:00,https://www.oxfordcounty.org/departments,https://bedardandy.github.io/maine-government-feeds/feeds/rss/rod-oxford.xml,https://bedardandy.github.io/maine-government-feeds/feeds/atom/rod-oxford.xml,https://bedardandy.github.io/maine-government-feeds/feeds/json/rod-oxford.json,https://bedardandy.github.io/maine-government-feeds/calendar/rod-oxford.ics
rod-penobscot,Penobscot County Registry of Deeds,Registries of Deeds,Penobscot County,page_monitor,failing,1,2026-08-14T07:50:10.841137+00:00,https://penobscotdeeds.com/,https://bedardandy.github.io/maine-government-feeds/feeds/rss/rod-penobscot.xml,https://bedardandy.github.io/maine-government-feeds/feeds/atom/rod-penobscot.xml,https://bedardandy.github.io/maine-government-feeds/feeds/json/rod-penobscot.json,https://bedardandy.github.io/maine-government-feeds/calendar/rod-penobscot.ics
rod-piscataquis,Piscataquis County Registry of Deeds,Registries of Deeds,Piscataquis County,page_monitor,ok,50,2026-08-16T12:59:00.288482+00:00,https://www.piscataquis.us/deeds/,https://bedardandy.github.io/maine-government-feeds/feeds/rss/rod-piscataquis.xml,https://bedardandy.github.io/maine-government-feeds/feeds/atom/rod-piscataquis.xml,https://bedardandy.github.io/maine-government-feeds/feeds/json/rod-piscataquis.json,https://bedardandy.github.io/maine-government-feeds/calendar/rod-piscataquis.ics
rod-sagadahoc,Sagadahoc County Registry of Deeds,Registries of Deeds,Sagadahoc County,page_monitor,ok,1,2026-08-16T12:59:00.611034+00:00,https://sagadahoccountyme.gov/departments/registry_of_deeds.php,https://bedardandy.github.io/maine-government-feeds/feeds/rss/rod-sagadahoc.xml,https://bedardandy.github.io/maine-government-feeds/feeds/atom/rod-sagadahoc.xml,https://bedardandy.github.io/maine-government-feeds/feeds/json/rod-sagadahoc.json,https://bedardandy.github.io/maine-government-feeds/calendar/rod-sagadahoc.ics
rod-somerset,Somerset County Registry of Deeds,Registries of Deeds,Somerset County,page_monitor,ok,50,2026-08-16T12:59:00.884258+00:00,https://somersetcounty-me.org/registry-of-deeds/,https://bedardandy.github.io/maine-government-feeds/feeds/rss/rod-somerset.xml,https://bedardandy.github.io/maine-government-feeds/feeds/atom/rod-somerset.xml,https://bedardandy.github.io/maine-government-feeds/feeds/json/rod-somerset.json,https://bedardandy.github.io/maine-government-feeds/calendar/rod-somerset.ics
rod-waldo,Waldo County Registry of Deeds,Registries of Deeds,Waldo County,page_monitor,ok,1,2026-08-16T12:59:01.557108+00:00,https://www.waldocountyme.gov/178/Registry-of-Deeds,https://bedardandy.github.io/maine-government-feeds/feeds/rss/rod-waldo.xml,https://bedardandy.github.io/maine-government-feeds/feeds/atom/rod-waldo.xml,https://bedardandy.github.io/maine-government-feeds/feeds/json/rod-waldo.json,https://bedardandy.github.io/maine-government-feeds/calendar/rod-waldo.ics
rod-washington,Washington County Registry of Deeds,Registries of Deeds,Washington County,page_monitor,failing,1,2026-07-05T10:23:23.387922+00:00,https://washingtoncountymaine.com/registry-of-deeds/,https://bedardandy.github.io/maine-government-feeds/feeds/rss/rod-washington.xml,https://bedardandy.github.io/maine-government-feeds/feeds/atom/rod-washington.xml,https://bedardandy.github.io/maine-government-feeds/feeds/json/rod-washington.json,https://bedardandy.github.io/maine-government-feeds/calendar/rod-washington.ics
rod-york,York County Registry of Deeds,Registries of Deeds,York County,page_monitor,ok,1,2026-08-16T12:59:04.130704+00:00,https://www.yorkcountymaine.gov/registry-of-deeds,https://bedardandy.github.io/maine-government-feeds/feeds/rss/rod-york.xml,https://bedardandy.github.io/maine-government-feeds/feeds/atom/rod-york.xml,https://bedardandy.github.io/maine-government-feeds/feeds/json/rod-york.json,https://bedardandy.github.io/maine-government-feeds/calendar/rod-york.ics
fed-ca1-opinions,U.S. Court of Appeals for the First Circuit — Published Opinions,Federal Maine-Related,First Circuit opinions,native_rss,ok,50,2026-08-16T12:59:04.275168+00:00,https://www.ca1.uscourts.gov/opn,https://bedardandy.github.io/maine-government-feeds/feeds/rss/fed-ca1-opinions.xml,https://bedardandy.github.io/maine-government-feeds/feeds/atom/fed-ca1-opinions.xml,https://bedardandy.github.io/maine-government-feeds/feeds/json/fed-ca1-opinions.json,https://bedardandy.github.io/maine-government-feeds/calendar/fed-ca1-opinions.ics
fed-register-maine,Federal Register — Documents Matching 'Maine',Federal Maine-Related,Federal Register Maine-related saved search,native_rss,ok,50,2026-08-16T12:59:04.470603+00:00,https://www.federalregister.gov/documents/search?conditions%5Bterm%5D=Maine,https://bedardandy.github.io/maine-government-feeds/feeds/rss/fed-register-maine.xml,https://bedardandy.github.io/maine-government-feeds/feeds/atom/fed-register-maine.xml,https://bedardandy.github.io/maine-government-feeds/feeds/json/fed-register-maine.json,https://bedardandy.github.io/maine-government-feeds/calendar/fed-register-maine.ics
fed-dme-news,"U.S. District Court, District of Maine — News & Announcements",Federal Maine-Related,District Court notices,html,ok,12,2026-08-16T12:59:04.609474+00:00,https://www.med.uscourts.gov/news,https://bedardandy.github.io/maine-government-feeds/feeds/rss/fed-dme-news.xml,https://bedardandy.github.io/maine-government-feeds/feeds/atom/fed-dme-news.xml,https://bedardandy.github.io/maine-government-feeds/feeds/json/fed-dme-news.json,https://bedardandy.github.io/maine-government-feeds/calendar/fed-dme-news.ics
fed-dme-opinions,"U.S. District Court, District of Maine — Opinions",Federal Maine-Related,District Court opinions,native_rss,ok,50,2026-08-16T12:59:05.239210+00:00,https://www.courtlistener.com/court/med/,https://bedardandy.github.io/maine-government-feeds/feeds/rss/fed-dme-opinions.xml,https://bedardandy.github.io/maine-government-feeds/feeds/atom/fed-dme-opinions.xml,https://bedardandy.github.io/maine-government-feeds/feeds/json/fed-dme-opinions.json,https://bedardandy.github.io/maine-government-feeds/calendar/fed-dme-opinions.ics
fed-meb-news,"U.S. Bankruptcy Court, District of Maine — News & Announcements",Federal Maine-Related,Bankruptcy Court notices,html,ok,10,2026-08-16T12:59:05.367555+00:00,https://www.meb.uscourts.gov/news/,https://bedardandy.github.io/maine-government-feeds/feeds/rss/fed-meb-news.xml,https://bedardandy.github.io/maine-government-feeds/feeds/atom/fed-meb-news.xml,https://bedardandy.github.io/maine-government-feeds/feeds/json/fed-meb-news.json,https://bedardandy.github.io/maine-government-feeds/calendar/fed-meb-news.ics
fed-meb-opinions,"U.S. Bankruptcy Court, District of Maine — Opinions",Federal Maine-Related,Bankruptcy Court opinions,html,ok,11,2026-08-16T12:59:05.436935+00:00,https://www.meb.uscourts.gov/judges-info/opinions/,https://bedardandy.github.io/maine-government-feeds/feeds/rss/fed-meb-opinions.xml,https://bedardandy.github.io/maine-government-feeds/feeds/atom/fed-meb-opinions.xml,https://bedardandy.github.io/maine-government-feeds/feeds/json/fed-meb-opinions.json,https://bedardandy.github.io/maine-government-feeds/calendar/fed-meb-opinions.ics
fed-scotus-opinions,U.S. Supreme Court — Slip Opinions (current Term),Federal Maine-Related,U.S. Supreme Court opinions/orders,html,ok,50,2026-08-16T12:59:05.682609+00:00,https://www.supremecourt.gov/opinions/slipopinion/25,https://bedardandy.github.io/maine-government-feeds/feeds/rss/fed-scotus-opinions.xml,https://bedardandy.github.io/maine-government-feeds/feeds/atom/fed-scotus-opinions.xml,https://bedardandy.github.io/maine-government-feeds/feeds/json/fed-scotus-opinions.json,https://bedardandy.github.io/maine-government-feeds/calendar/fed-scotus-opinions.ics
fed-dme-opinions-govinfo,"U.S. District Court, District of Maine — Opinions (govinfo)",Federal Maine-Related,District Court opinions,native_rss,ok,50,2026-08-16T12:59:05.813902+00:00,https://www.govinfo.gov/app/collection/uscourts/district/med,https://bedardandy.github.io/maine-government-feeds/feeds/rss/fed-dme-opinions-govinfo.xml,https://bedardandy.github.io/maine-government-feeds/feeds/atom/fed-dme-opinions-govinfo.xml,https://bedardandy.github.io/maine-government-feeds/feeds/json/fed-dme-opinions-govinfo.json,https://bedardandy.github.io/maine-government-feeds/calendar/fed-dme-opinions-govinfo.ics
fed-meb-opinions-govinfo,"U.S. Bankruptcy Court, District of Maine — Opinions (govinfo)",Federal Maine-Related,Bankruptcy Court opinions,native_rss,ok,50,2026-08-16T12:59:05.951801+00:00,https://www.govinfo.gov/app/collection/uscourts/bankruptcy/meb,https://bedardandy.github.io/maine-government-feeds/feeds/rss/fed-meb-opinions-govinfo.xml,https://bedardandy.github.io/maine-government-feeds/feeds/atom/fed-meb-opinions-govinfo.xml,https://bedardandy.github.io/maine-government-feeds/feeds/json/fed-meb-opinions-govinfo.json,https://bedardandy.github.io/maine-government-feeds/calendar/fed-meb-opinions-govinfo.ics
fed-meb-opinions-cl,"U.S. Bankruptcy Court, District of Maine — Opinions (CourtListener)",Federal Maine-Related,Bankruptcy Court opinions,native_rss,ok,20,2026-08-16T12:59:06.676154+00:00,https://www.courtlistener.com/court/meb/,https://bedardandy.github.io/maine-government-feeds/feeds/rss/fed-meb-opinions-cl.xml,https://bedardandy.github.io/maine-government-feeds/feeds/atom/fed-meb-opinions-cl.xml,https://bedardandy.github.io/maine-government-feeds/feeds/json/fed-meb-opinions-cl.json,https://bedardandy.github.io/maine-government-feeds/calendar/fed-meb-opinions-cl.ics
fed-rules-amendments,U.S. Courts — Pending Rules and Forms Amendments,Federal Maine-Related,Federal rules amendments,page_monitor,ok,3,2026-08-16T12:59:06.978866+00:00,https://www.uscourts.gov/forms-rules/pending-rules-and-forms-amendments,https://bedardandy.github.io/maine-government-feeds/feeds/rss/fed-rules-amendments.xml,https://bedardandy.github.io/maine-government-feeds/feeds/atom/fed-rules-amendments.xml,https://bedardandy.github.io/maine-government-feeds/feeds/json/fed-rules-amendments.json,https://bedardandy.github.io/maine-government-feeds/calendar/fed-rules-amendments.ics
fed-scotus-orders,U.S. Supreme Court — Orders of the Court (current Term),Federal Maine-Related,U.S. Supreme Court opinions/orders,page_monitor,ok,43,2026-08-16T12:59:07.116761+00:00,https://www.supremecourt.gov/orders/ordersofthecourt/25,https://bedardandy.github.io/maine-government-feeds/feeds/rss/fed-scotus-orders.xml,https://bedardandy.github.io/maine-government-feeds/feeds/atom/fed-scotus-orders.xml,https://bedardandy.github.io/maine-government-feeds/feeds/json/fed-scotus-orders.json,https://bedardandy.github.io/maine-government-feeds/calendar/fed-scotus-orders.ics
fed-dme-local-rules,"U.S. District Court, District of Maine — Local Rules",Federal Maine-Related,Local rules,page_monitor,ok,5,2026-08-16T12:59:07.252012+00:00,https://www.med.uscourts.gov/local-rules,https://bedardandy.github.io/maine-government-feeds/feeds/rss/fed-dme-local-rules.xml,https://bedardandy.github.io/maine-government-feeds/feeds/atom/fed-dme-local-rules.xml,https://bedardandy.github.io/maine-government-feeds/feeds/json/fed-dme-local-rules.json,https://bedardandy.github.io/maine-government-feeds/calendar/fed-dme-local-rules.ics
fed-meb-local-rules,"U.S. Bankruptcy Court, District of Maine — Local Rules",Federal Maine-Related,Local rules,page_monitor,ok,5,2026-08-16T12:59:07.281462+00:00,https://www.meb.uscourts.gov/local-rules,https://bedardandy.github.io/maine-government-feeds/feeds/rss/fed-meb-local-rules.xml,https://bedardandy.github.io/maine-government-feeds/feeds/atom/fed-meb-local-rules.xml,https://bedardandy.github.io/maine-government-feeds/feeds/json/fed-meb-local-rules.json,https://bedardandy.github.io/maine-government-feeds/calendar/fed-meb-local-rules.ics
fed-ca1-local-rules,U.S. Court of Appeals for the First Circuit — Local Rules,Federal Maine-Related,Local rules,page_monitor,ok,1,2026-08-16T12:59:07.309483+00:00,https://www.ca1.uscourts.gov/local-rules,https://bedardandy.github.io/maine-government-feeds/feeds/rss/fed-ca1-local-rules.xml,https://bedardandy.github.io/maine-government-feeds/feeds/atom/fed-ca1-local-rules.xml,https://bedardandy.github.io/maine-government-feeds/feeds/json/fed-ca1-local-rules.json,https://bedardandy.github.io/maine-government-feeds/calendar/fed-ca1-local-rules.ics
fed-sec-press,U.S. Securities and Exchange Commission — Press Releases,Federal Practice Areas,Securities,native_rss,ok,39,2026-08-16T12:59:07.390907+00:00,https://www.sec.gov/news/pressreleases,https://bedardandy.github.io/maine-government-feeds/feeds/rss/fed-sec-press.xml,https://bedardandy.github.io/maine-government-feeds/feeds/atom/fed-sec-press.xml,https://bedardandy.github.io/maine-government-feeds/feeds/json/fed-sec-press.json,https://bedardandy.github.io/maine-government-feeds/calendar/fed-sec-press.ics
fed-dol-news,U.S. Department of Labor — News Releases,Federal Practice Areas,Labor and employment,native_rss,ok,35,2026-08-16T12:59:07.486489+00:00,https://www.dol.gov/newsroom/releases,https://bedardandy.github.io/maine-government-feeds/feeds/rss/fed-dol-news.xml,https://bedardandy.github.io/maine-government-feeds/feeds/atom/fed-dol-news.xml,https://bedardandy.github.io/maine-government-feeds/feeds/json/fed-dol-news.json,https://bedardandy.github.io/maine-government-feeds/calendar/fed-dol-news.ics
fed-nlrb-news,National Labor Relations Board — News,Federal Practice Areas,Labor relations,native_rss,ok,10,2026-08-16T12:59:07.619820+00:00,https://www.nlrb.gov/news-outreach/news-story,https://bedardandy.github.io/maine-government-feeds/feeds/rss/fed-nlrb-news.xml,https://bedardandy.github.io/maine-government-feeds/feeds/atom/fed-nlrb-news.xml,https://bedardandy.github.io/maine-government-feeds/feeds/json/fed-nlrb-news.json,https://bedardandy.github.io/maine-government-feeds/calendar/fed-nlrb-news.ics
fed-cfpb-news,Consumer Financial Protection Bureau — Newsroom,Federal Practice Areas,Consumer finance,native_rss,ok,21,2026-08-16T12:59:07.723975+00:00,https://www.consumerfinance.gov/about-us/newsroom/,https://bedardandy.github.io/maine-government-feeds/feeds/rss/fed-cfpb-news.xml,https://bedardandy.github.io/maine-government-feeds/feeds/atom/fed-cfpb-news.xml,https://bedardandy.github.io/maine-government-feeds/feeds/json/fed-cfpb-news.json,https://bedardandy.github.io/maine-government-feeds/calendar/fed-cfpb-news.ics
bob-discipline-decisions,Maine Board of Overseers of the Bar — Court & Grievance Decisions,Maine Attorney Regulation,Attorney discipline decisions,html,ok,50,2026-08-16T12:59:15.274510+00:00,https://www.mebaroverseers.org/dah_schedule/court_grievance_decisions.html,https://bedardandy.github.io/maine-government-feeds/feeds/rss/bob-discipline-decisions.xml,https://bedardandy.github.io/maine-government-feeds/feeds/atom/bob-discipline-decisions.xml,https://bedardandy.github.io/maine-government-feeds/feeds/json/bob-discipline-decisions.json,https://bedardandy.github.io/maine-government-feeds/calendar/bob-discipline-decisions.ics
bob-ethics-opinions,Maine Board of Overseers of the Bar — Ethics Opinions,Maine Attorney Regulation,Ethics opinions,html,ok,50,2026-08-16T12:59:16.789816+00:00,https://www.mebaroverseers.org/attorney_services/ethics_opinions.html,https://bedardandy.github.io/maine-government-feeds/feeds/rss/bob-ethics-opinions.xml,https://bedardandy.github.io/maine-government-feeds/feeds/atom/bob-ethics-opinions.xml,https://bedardandy.github.io/maine-government-feeds/feeds/json/bob-ethics-opinions.json,https://bedardandy.github.io/maine-government-feeds/calendar/bob-ethics-opinions.ics
bob-bar-rule-amendments,Maine Judicial Branch — Recent Rule Amendments (incl. Bar Rules),Maine Attorney Regulation,Rule changes (Maine Bar Rules / M.R. Prof. Conduct),html,ok,11,2026-08-16T12:59:17.112993+00:00,https://www.courts.maine.gov/rules/,https://bedardandy.github.io/maine-government-feeds/feeds/rss/bob-bar-rule-amendments.xml,https://bedardandy.github.io/maine-government-feeds/feeds/atom/bob-bar-rule-amendments.xml,https://bedardandy.github.io/maine-government-feeds/feeds/json/bob-bar-rule-amendments.json,https://bedardandy.github.io/maine-government-feeds/calendar/bob-bar-rule-amendments.ics
bob-general-news,Maine Board of Overseers of the Bar — General News,Maine Attorney Regulation,General news/announcements,page_monitor,ok,10,2026-08-16T12:59:17.563447+00:00,https://www.mebaroverseers.org/,https://bedardandy.github.io/maine-government-feeds/feeds/rss/bob-general-news.xml,https://bedardandy.github.io/maine-government-feeds/feeds/atom/bob-general-news.xml,https://bedardandy.github.io/maine-government-feeds/feeds/json/bob-general-news.json,https://bedardandy.github.io/maine-government-feeds/calendar/bob-general-news.ics
mbe-announcements,Maine Board of Bar Examiners — Announcements,Maine Attorney Regulation,Bar admission announcements,page_monitor,ok,6,2026-08-16T12:59:19.332408+00:00,https://mainebarexaminers.org/announcements/,https://bedardandy.github.io/maine-government-feeds/feeds/rss/mbe-announcements.xml,https://bedardandy.github.io/maine-government-feeds/feeds/atom/mbe-announcements.xml,https://bedardandy.github.io/maine-government-feeds/feeds/json/mbe-announcements.json,https://bedardandy.github.io/maine-government-feeds/calendar/mbe-announcements.ics
wcb-appellate-decisions,Maine Workers' Compensation Board — Appellate Division Decisions,Maine Workers' Compensation Board,Decisions/appellate division decisions,html,ok,9,2026-08-16T12:59:19.457410+00:00,https://www.maine.gov/wcb/Departments/appellate/2026decisions.html,https://bedardandy.github.io/maine-government-feeds/feeds/rss/wcb-appellate-decisions.xml,https://bedardandy.github.io/maine-government-feeds/feeds/atom/wcb-appellate-decisions.xml,https://bedardandy.github.io/maine-government-feeds/feeds/json/wcb-appellate-decisions.json,https://bedardandy.github.io/maine-government-feeds/calendar/wcb-appellate-decisions.ics
wcb-rules-current,Maine Workers' Compensation Board — Current Rules,Maine Workers' Compensation Board,Rules/rulemaking page,page_monitor,ok,1,2026-08-16T12:59:19.492126+00:00,https://www.maine.gov/wcb/rules/current.html,https://bedardandy.github.io/maine-government-feeds/feeds/rss/wcb-rules-current.xml,https://bedardandy.github.io/maine-government-feeds/feeds/atom/wcb-rules-current.xml,https://bedardandy.github.io/maine-government-feeds/feeds/json/wcb-rules-current.json,https://bedardandy.github.io/maine-government-feeds/calendar/wcb-rules-current.ics
wcb-announcements,Maine Workers' Compensation Board — Homepage Announcements,Maine Workers' Compensation Board,News/announcements page,page_monitor,ok,3,2026-08-16T12:59:19.524701+00:00,https://www.maine.gov/wcb/,https://bedardandy.github.io/maine-government-feeds/feeds/rss/wcb-announcements.xml,https://bedardandy.github.io/maine-government-feeds/feeds/atom/wcb-announcements.xml,https://bedardandy.github.io/maine-government-feeds/feeds/json/wcb-announcements.json,https://bedardandy.github.io/maine-government-feeds/calendar/wcb-announcements.ics
mhrc-decisions,Maine Human Rights Commission — Reasonable Grounds Decisions & Reports,Maine Human Rights Commission,Commission decisions/investigative findings,html,ok,50,2026-08-16T12:59:19.608327+00:00,https://www.maine.gov/mhrc/decisions,https://bedardandy.github.io/maine-government-feeds/feeds/rss/mhrc-decisions.xml,https://bedardandy.github.io/maine-government-feeds/feeds/atom/mhrc-decisions.xml,https://bedardandy.github.io/maine-government-feeds/feeds/json/mhrc-decisions.json,https://bedardandy.github.io/maine-government-feeds/calendar/mhrc-decisions.ics
mhrc-latest-news,Maine Human Rights Commission — Latest News,Maine Human Rights Commission,News/announcements page,html,ok,17,2026-08-16T12:59:19.697380+00:00,https://www.maine.gov/mhrc/,https://bedardandy.github.io/maine-government-feeds/feeds/rss/mhrc-latest-news.xml,https://bedardandy.github.io/maine-government-feeds/feeds/atom/mhrc-latest-news.xml,https://bedardandy.github.io/maine-government-feeds/feeds/json/mhrc-latest-news.json,https://bedardandy.github.io/maine-government-feeds/calendar/mhrc-latest-news.ics
mhrc-rulemaking,Maine Human Rights Commission — Proposed/Adopted Rule Changes,Maine Human Rights Commission,Rules/rulemaking page,page_monitor,ok,1,2026-08-16T12:59:20.216648+00:00,https://www1.maine.gov/mhrc/laws-guidance/changes,https://bedardandy.github.io/maine-government-feeds/feeds/rss/mhrc-rulemaking.xml,https://bedardandy.github.io/maine-government-feeds/feeds/atom/mhrc-rulemaking.xml,https://bedardandy.github.io/maine-government-feeds/feeds/json/mhrc-rulemaking.json,https://bedardandy.github.io/maine-government-feeds/calendar/mhrc-rulemaking.ics
probate-androscoggin,Androscoggin County Probate Court,Probate Courts,Androscoggin County,page_monitor,ok,1,2026-08-16T12:59:20.769479+00:00,https://www.androscoggincountymaine.gov/165/Register-of-Probate,https://bedardandy.github.io/maine-government-feeds/feeds/rss/probate-androscoggin.xml,https://bedardandy.github.io/maine-government-feeds/feeds/atom/probate-androscoggin.xml,https://bedardandy.github.io/maine-government-feeds/feeds/json/probate-androscoggin.json,https://bedardandy.github.io/maine-government-feeds/calendar/probate-androscoggin.ics
probate-aroostook,Aroostook County Probate Court,Probate Courts,Aroostook County,page_monitor,failing,1,2026-07-05T10:23:42.298863+00:00,https://aroostook.me.us/departments/probate/,https://bedardandy.github.io/maine-government-feeds/feeds/rss/probate-aroostook.xml,https://bedardandy.github.io/maine-government-feeds/feeds/atom/probate-aroostook.xml,https://bedardandy.github.io/maine-government-feeds/feeds/json/probate-aroostook.json,https://bedardandy.github.io/maine-government-feeds/calendar/probate-aroostook.ics
probate-cumberland,Cumberland County Probate Court,Probate Courts,Cumberland County,page_monitor,ok,1,2026-08-16T12:59:20.878578+00:00,https://www.cumberlandcountyme.gov/departments/probate_court/index.php,https://bedardandy.github.io/maine-government-feeds/feeds/rss/probate-cumberland.xml,https://bedardandy.github.io/maine-government-feeds/feeds/atom/probate-cumberland.xml,https://bedardandy.github.io/maine-government-feeds/feeds/json/probate-cumberland.json,https://bedardandy.github.io/maine-government-feeds/calendar/probate-cumberland.ics
probate-franklin,Franklin County Probate Court,Probate Courts,Franklin County,page_monitor,ok,6,2026-08-16T12:59:21.141045+00:00,https://www.franklincountymaine.gov/legal-departments/probate/,https://bedardandy.github.io/maine-government-feeds/feeds/rss/probate-franklin.xml,https://bedardandy.github.io/maine-government-feeds/feeds/atom/probate-franklin.xml,https://bedardandy.github.io/maine-government-feeds/feeds/json/probate-franklin.json,https://bedardandy.github.io/maine-government-feeds/calendar/probate-franklin.ics
probate-hancock,Hancock County Probate Court,Probate Courts,Hancock County,page_monitor,ok,50,2026-08-16T12:59:21.925941+00:00,https://hancockcountymaine.gov/registry-of-probate/,https://bedardandy.github.io/maine-government-feeds/feeds/rss/probate-hancock.xml,https://bedardandy.github.io/maine-government-feeds/feeds/atom/probate-hancock.xml,https://bedardandy.github.io/maine-government-feeds/feeds/json/probate-hancock.json,https://bedardandy.github.io/maine-government-feeds/calendar/probate-hancock.ics
probate-kennebec,Kennebec County Probate Court,Probate Courts,Kennebec County,page_monitor,ok,3,2026-08-16T12:59:22.162500+00:00,https://kennebec.gov/probate/,https://bedardandy.github.io/maine-government-feeds/feeds/rss/probate-kennebec.xml,https://bedardandy.github.io/maine-government-feeds/feeds/atom/probate-kennebec.xml,https://bedardandy.github.io/maine-government-feeds/feeds/json/probate-kennebec.json,https://bedardandy.github.io/maine-government-feeds/calendar/probate-kennebec.ics
probate-knox,Knox County Probate Court,Probate Courts,Knox County,page_monitor,ok,3,2026-08-16T12:59:22.460236+00:00,https://knoxcountymaine.gov/county_departments/probate/index.php,https://bedardandy.github.io/maine-government-feeds/feeds/rss/probate-knox.xml,https://bedardandy.github.io/maine-government-feeds/feeds/atom/probate-knox.xml,https://bedardandy.github.io/maine-government-feeds/feeds/json/probate-knox.json,https://bedardandy.github.io/maine-government-feeds/calendar/probate-knox.ics
probate-lincoln,Lincoln County Probate Court,Probate Courts,Lincoln County,page_monitor,ok,1,2026-08-16T12:59:22.666032+00:00,https://www.lincolncountymaine.me/probate,https://bedardandy.github.io/maine-government-feeds/feeds/rss/probate-lincoln.xml,https://bedardandy.github.io/maine-government-feeds/feeds/atom/probate-lincoln.xml,https://bedardandy.github.io/maine-government-feeds/feeds/json/probate-lincoln.json,https://bedardandy.github.io/maine-government-feeds/calendar/probate-lincoln.ics
probate-oxford,Oxford County Probate Court,Probate Courts,Oxford County,page_monitor,ok,1,2026-08-16T12:59:22.792540+00:00,https://www.oxfordcounty.org/probate-office,https://bedardandy.github.io/maine-government-feeds/feeds/rss/probate-oxford.xml,https://bedardandy.github.io/maine-government-feeds/feeds/atom/probate-oxford.xml,https://bedardandy.github.io/maine-government-feeds/feeds/json/probate-oxford.json,https://bedardandy.github.io/maine-government-feeds/calendar/probate-oxford.ics
probate-penobscot,Penobscot County Probate Court,Probate Courts,Penobscot County,page_monitor,ok,1,2026-08-16T12:59:23.499496+00:00,https://www.penobscot-county.net/government/elected_officials/register_of_probate.php,https://bedardandy.github.io/maine-government-feeds/feeds/rss/probate-penobscot.xml,https://bedardandy.github.io/maine-government-feeds/feeds/atom/probate-penobscot.xml,https://bedardandy.github.io/maine-government-feeds/feeds/json/probate-penobscot.json,https://bedardandy.github.io/maine-government-feeds/calendar/probate-penobscot.ics
probate-piscataquis,Piscataquis County Probate Court,Probate Courts,Piscataquis County,page_monitor,ok,50,2026-08-16T12:59:23.609974+00:00,https://www.piscataquis.us/probate/,https://bedardandy.github.io/maine-government-feeds/feeds/rss/probate-piscataquis.xml,https://bedardandy.github.io/maine-government-feeds/feeds/atom/probate-piscataquis.xml,https://bedardandy.github.io/maine-government-feeds/feeds/json/probate-piscataquis.json,https://bedardandy.github.io/maine-government-feeds/calendar/probate-piscataquis.ics
probate-sagadahoc,Sagadahoc County Probate Court,Probate Courts,Sagadahoc County,page_monitor,ok,2,2026-08-16T12:59:23.973392+00:00,https://www.sagadahoccountyme.gov/departments/register_of_probate.php,https://bedardandy.github.io/maine-government-feeds/feeds/rss/probate-sagadahoc.xml,https://bedardandy.github.io/maine-government-feeds/feeds/atom/probate-sagadahoc.xml,https://bedardandy.github.io/maine-government-feeds/feeds/json/probate-sagadahoc.json,https://bedardandy.github.io/maine-government-feeds/calendar/probate-sagadahoc.ics
probate-somerset,Somerset County Probate Court,Probate Courts,Somerset County,page_monitor,ok,50,2026-08-16T12:59:24.103119+00:00,https://somersetcountyme.gov/probate-office/,https://bedardandy.github.io/maine-government-feeds/feeds/rss/probate-somerset.xml,https://bedardandy.github.io/maine-government-feeds/feeds/atom/probate-somerset.xml,https://bedardandy.github.io/maine-government-feeds/feeds/json/probate-somerset.json,https://bedardandy.github.io/maine-government-feeds/calendar/probate-somerset.ics
probate-waldo,Waldo County Probate Court,Probate Courts,Waldo County,page_monitor,ok,1,2026-08-16T12:59:24.577273+00:00,https://www.waldocountyme.gov/177/Registry-of-Probate,https://bedardandy.github.io/maine-government-feeds/feeds/rss/probate-waldo.xml,https://bedardandy.github.io/maine-government-feeds/feeds/atom/probate-waldo.xml,https://bedardandy.github.io/maine-government-feeds/feeds/json/probate-waldo.json,https://bedardandy.github.io/maine-government-feeds/calendar/probate-waldo.ics
probate-washington,Washington County Probate Court,Probate Courts,Washington County,page_monitor,failing,1,2026-07-05T10:23:53.530936+00:00,https://washingtoncountymaine.com/probate-forms/,https://bedardandy.github.io/maine-government-feeds/feeds/rss/probate-washington.xml,https://bedardandy.github.io/maine-government-feeds/feeds/atom/probate-washington.xml,https://bedardandy.github.io/maine-government-feeds/feeds/json/probate-washington.json,https://bedardandy.github.io/maine-government-feeds/calendar/probate-washington.ics
probate-york,York County Probate Court,Probate Courts,York County,page_monitor,ok,2,2026-08-16T12:59:26.644286+00:00,https://www.yorkcountymaine.gov/registry-of-probate,https://bedardandy.github.io/maine-government-feeds/feeds/rss/probate-york.xml,https://bedardandy.github.io/maine-government-feeds/feeds/atom/probate-york.xml,https://bedardandy.github.io/maine-government-feeds/feeds/json/probate-york.json,https://bedardandy.github.io/maine-government-feeds/calendar/probate-york.ics
all,Maine Government Feeds — Everything,Combined Feeds,All sources combined,aggregate,,,,https://bedardandy.github.io/maine-government-feeds,https://bedardandy.github.io/maine-government-feeds/feeds/rss/all.xml,https://bedardandy.github.io/maine-government-feeds/feeds/atom/all.xml,https://bedardandy.github.io/maine-government-feeds/feeds/json/all.json,https://bedardandy.github.io/maine-government-feeds/calendar/all.ics
category-federal-maine-related,Maine Government Feeds — Federal Maine-Related,Combined Feeds,Everything in Federal Maine-Related,aggregate,,,,https://bedardandy.github.io/maine-government-feeds,https://bedardandy.github.io/maine-government-feeds/feeds/rss/category-federal-maine-related.xml,https://bedardandy.github.io/maine-government-feeds/feeds/atom/category-federal-maine-related.xml,https://bedardandy.github.io/maine-government-feeds/feeds/json/category-federal-maine-related.json,https://bedardandy.github.io/maine-government-feeds/calendar/category-federal-maine-related.ics
category-federal-practice-areas,Maine Government Feeds — Federal Practice Areas,Combined Feeds,Everything in Federal Practice Areas,aggregate,,,,https://bedardandy.github.io/maine-government-feeds,https://bedardandy.github.io/maine-government-feeds/feeds/rss/category-federal-practice-areas.xml,https://bedardandy.github.io/maine-government-feeds/feeds/atom/category-federal-practice-areas.xml,https://bedardandy.github.io/maine-government-feeds/feeds/json/category-federal-practice-areas.json,https://bedardandy.github.io/maine-government-feeds/calendar/category-federal-practice-areas.ics
category-governor-executive-branch,Maine Government Feeds — Governor / Executive Branch,Combined Feeds,Everything in Governor / Executive Branch,aggregate,,,,https://bedardandy.github.io/maine-government-feeds,https://bedardandy.github.io/maine-government-feeds/feeds/rss/category-governor-executive-branch.xml,https://bedardandy.github.io/maine-government-feeds/feeds/atom/category-governor-executive-branch.xml,https://bedardandy.github.io/maine-government-feeds/feeds/json/category-governor-executive-branch.json,https://bedardandy.github.io/maine-government-feeds/calendar/category-governor-executive-branch.ics
category-maine-agencies,Maine Government Feeds — Maine Agencies,Combined Feeds,Everything in Maine Agencies,aggregate,,,,https://bedardandy.github.io/maine-government-feeds,https://bedardandy.github.io/maine-government-feeds/feeds/rss/category-maine-agencies.xml,https://bedardandy.github.io/maine-government-feeds/feeds/atom/category-maine-agencies.xml,https://bedardandy.github.io/maine-government-feeds/feeds/json/category-maine-agencies.json,https://bedardandy.github.io/maine-government-feeds/calendar/category-maine-agencies.ics
category-maine-attorney-general,Maine Government Feeds — Maine Attorney General,Combined Feeds,Everything in Maine Attorney General,aggregate,,,,https://bedardandy.github.io/maine-government-feeds,https://bedardandy.github.io/maine-government-feeds/feeds/rss/category-maine-attorney-general.xml,https://bedardandy.github.io/maine-government-feeds/feeds/atom/category-maine-attorney-general.xml,https://bedardandy.github.io/maine-government-feeds/feeds/json/category-maine-attorney-general.json,https://bedardandy.github.io/maine-government-feeds/calendar/category-maine-attorney-general.ics
category-maine-attorney-regulation,Maine Government Feeds — Maine Attorney Regulation,Combined Feeds,Everything in Maine Attorney Regulation,aggregate,,,,https://bedardandy.github.io/maine-government-feeds,https://bedardandy.github.io/maine-government-feeds/feeds/rss/category-maine-attorney-regulation.xml,https://bedardandy.github.io/maine-government-feeds/feeds/atom/category-maine-attorney-regulation.xml,https://bedardandy.github.io/maine-government-feeds/feeds/json/category-maine-attorney-regulation.json,https://bedardandy.github.io/maine-government-feeds/calendar/category-maine-attorney-regulation.ics
category-maine-human-rights-commission,Maine Government Feeds — Maine Human Rights Commission,Combined Feeds,Everything in Maine Human Rights Commission,aggregate,,,,https://bedardandy.github.io/maine-government-feeds,https://bedardandy.github.io/maine-government-feeds/feeds/rss/category-maine-human-rights-commission.xml,https://bedardandy.github.io/maine-government-feeds/feeds/atom/category-maine-human-rights-commission.xml,https://bedardandy.github.io/maine-government-feeds/feeds/json/category-maine-human-rights-commission.json,https://bedardandy.github.io/maine-government-feeds/calendar/category-maine-human-rights-commission.ics
category-maine-judicial-branch,Maine Government Feeds — Maine Judicial Branch,Combined Feeds,Everything in Maine Judicial Branch,aggregate,,,,https://bedardandy.github.io/maine-government-feeds,https://bedardandy.github.io/maine-government-feeds/feeds/rss/category-maine-judicial-branch.xml,https://bedardandy.github.io/maine-government-feeds/feeds/atom/category-maine-judicial-branch.xml,https://bedardandy.github.io/maine-government-feeds/feeds/json/category-maine-judicial-branch.json,https://bedardandy.github.io/maine-government-feeds/calendar/category-maine-judicial-branch.ics
category-maine-legislature,Maine Government Feeds — Maine Legislature,Combined Feeds,Everything in Maine Legislature,aggregate,,,,https://bedardandy.github.io/maine-government-feeds,https://bedardandy.github.io/maine-government-feeds/feeds/rss/category-maine-legislature.xml,https://bedardandy.github.io/maine-government-feeds/feeds/atom/category-maine-legislature.xml,https://bedardandy.github.io/maine-government-feeds/feeds/json/category-maine-legislature.json,https://bedardandy.github.io/maine-government-feeds/calendar/category-maine-legislature.ics
category-maine-revenue-services,Maine Government Feeds — Maine Revenue Services,Combined Feeds,Everything in Maine Revenue Services,aggregate,,,,https://bedardandy.github.io/maine-government-feeds,https://bedardandy.github.io/maine-government-feeds/feeds/rss/category-maine-revenue-services.xml,https://bedardandy.github.io/maine-government-feeds/feeds/atom/category-maine-revenue-services.xml,https://bedardandy.github.io/maine-government-feeds/feeds/json/category-maine-revenue-services.json,https://bedardandy.github.io/maine-government-feeds/calendar/category-maine-revenue-services.ics
category-maine-secretary-of-state,Maine Government Feeds — Maine Secretary of State,Combined Feeds,Everything in Maine Secretary of State,aggregate,,,,https://bedardandy.github.io/maine-government-feeds,https://bedardandy.github.io/maine-government-feeds/feeds/rss/category-maine-secretary-of-state.xml,https://bedardandy.github.io/maine-government-feeds/feeds/atom/category-maine-secretary-of-state.xml,https://bedardandy.github.io/maine-government-feeds/feeds/json/category-maine-secretary-of-state.json,https://bedardandy.github.io/maine-government-feeds/calendar/category-maine-secretary-of-state.ics
category-maine-workers-compensation-board,Maine Government Feeds — Maine Workers' Compensation Board,Combined Feeds,Everything in Maine Workers' Compensation Board,aggregate,,,,https://bedardandy.github.io/maine-government-feeds,https://bedardandy.github.io/maine-government-feeds/feeds/rss/category-maine-workers-compensation-board.xml,https://bedardandy.github.io/maine-government-feeds/feeds/atom/category-maine-workers-compensation-board.xml,https://bedardandy.github.io/maine-government-feeds/feeds/json/category-maine-workers-compensation-board.json,https://bedardandy.github.io/maine-government-feeds/calendar/category-maine-workers-compensation-board.ics
category-probate-courts,Maine Government Feeds — Probate Courts,Combined Feeds,Everything in Probate Courts,aggregate,,,,https://bedardandy.github.io/maine-government-feeds,https://bedardandy.github.io/maine-government-feeds/feeds/rss/category-probate-courts.xml,https://bedardandy.github.io/maine-government-feeds/feeds/atom/category-probate-courts.xml,https://bedardandy.github.io/maine-government-feeds/feeds/json/category-probate-courts.json,https://bedardandy.github.io/maine-government-feeds/calendar/category-probate-courts.ics
category-registries-of-deeds,Maine Government Feeds — Registries of Deeds,Combined Feeds,Everything in Registries of Deeds,aggregate,,,,https://bedardandy.github.io/maine-government-feeds,https://bedardandy.github.io/maine-government-feeds/feeds/rss/category-registries-of-deeds.xml,https://bedardandy.github.io/maine-government-feeds/feeds/atom/category-registries-of-deeds.xml,https://bedardandy.github.io/maine-government-feeds/feeds/json/category-registries-of-deeds.json,https://bedardandy.github.io/maine-government-feeds/calendar/category-registries-of-deeds.ics
daily-digest,Maine Government Feeds — Daily Digest,Combined Feeds,One item per day,aggregate,,,,https://bedardandy.github.io/maine-government-feeds,https://bedardandy.github.io/maine-government-feeds/feeds/rss/daily-digest.xml,https://bedardandy.github.io/maine-government-feeds/feeds/atom/daily-digest.xml,https://bedardandy.github.io/maine-government-feeds/feeds/json/daily-digest.json,https://bedardandy.github.io/maine-government-feeds/calendar/daily-digest.ics
role-real-estate-title,Curated — Real Estate & Title,Curated Practice-Area Feeds,Real Estate & Title,curated-role,,,,https://bedardandy.github.io/maine-government-feeds/feeds/rss/role-real-estate-title.xml,https://bedardandy.github.io/maine-government-feeds/feeds/rss/role-real-estate-title.xml,https://bedardandy.github.io/maine-government-feeds/feeds/atom/role-real-estate-title.xml,https://bedardandy.github.io/maine-government-feeds/feeds/json/role-real-estate-title.json,https://bedardandy.github.io/maine-government-feeds/calendar/role-real-estate-title.ics
role-estate-probate,Curated — Estate Planning & Probate,Curated Practice-Area Feeds,Estate Planning & Probate,curated-role,,,,https://bedardandy.github.io/maine-government-feeds/feeds/rss/role-estate-probate.xml,https://bedardandy.github.io/maine-government-feeds/feeds/rss/role-estate-probate.xml,https://bedardandy.github.io/maine-government-feeds/feeds/atom/role-estate-probate.xml,https://bedardandy.github.io/maine-government-feeds/feeds/json/role-estate-probate.json,https://bedardandy.github.io/maine-government-feeds/calendar/role-estate-probate.ics
role-bankruptcy,Curated — Bankruptcy & Creditor-Debtor,Curated Practice-Area Feeds,Bankruptcy & Creditor-Debtor,curated-role,,,,https://bedardandy.github.io/maine-government-feeds/feeds/rss/role-bankruptcy.xml,https://bedardandy.github.io/maine-government-feeds/feeds/rss/role-bankruptcy.xml,https://bedardandy.github.io/maine-government-feeds/feeds/atom/role-bankruptcy.xml,https://bedardandy.github.io/maine-government-feeds/feeds/json/role-bankruptcy.json,https://bedardandy.github.io/maine-government-feeds/calendar/role-bankruptcy.ics
role-business-corporate,Curated — Business & Corporate,Curated Practice-Area Feeds,Business & Corporate,curated-role,,,,https://bedardandy.github.io/maine-government-feeds/feeds/rss/role-business-corporate.xml,https://bedardandy.github.io/maine-government-feeds/feeds/rss/role-business-corporate.xml,https://bedardandy.github.io/maine-government-feeds/feeds/atom/role-business-corporate.xml,https://bedardandy.github.io/maine-government-feeds/feeds/json/role-business-corporate.json,https://bedardandy.github.io/maine-government-feeds/calendar/role-business-corporate.ics
role-employment-labor,Curated — Employment & Labor,Curated Practice-Area Feeds,Employment & Labor,curated-role,,,,https://bedardandy.github.io/maine-government-feeds/feeds/rss/role-employment-labor.xml,https://bedardandy.github.io/maine-government-feeds/feeds/rss/role-employment-labor.xml,https://bedardandy.github.io/maine-government-feeds/feeds/atom/role-employment-labor.xml,https://bedardandy.github.io/maine-government-feeds/feeds/json/role-employment-labor.json,https://bedardandy.github.io/maine-government-feeds/calendar/role-employment-labor.ics
role-civil-litigation-appellate,Curated — Civil Litigation & Appellate,Curated Practice-Area Feeds,Civil Litigation & Appellate,curated-role,,,,https://bedardandy.github.io/maine-government-feeds/feeds/rss/role-civil-litigation-appellate.xml,https://bedardandy.github.io/maine-government-feeds/feeds/rss/role-civil-litigation-appellate.xml,https://bedardandy.github.io/maine-government-feeds/feeds/atom/role-civil-litigation-appellate.xml,https://bedardandy.github.io/maine-government-feeds/feeds/json/role-civil-litigation-appellate.json,https://bedardandy.github.io/maine-government-feeds/calendar/role-civil-litigation-appellate.ics
role-criminal-defense,Curated — Criminal Defense,Curated Practice-Area Feeds,Criminal Defense,curated-role,,,,https://bedardandy.github.io/maine-government-feeds/feeds/rss/role-criminal-defense.xml,https://bedardandy.github.io/maine-government-feeds/feeds/rss/role-criminal-defense.xml,https://bedardandy.github.io/maine-government-feeds/feeds/atom/role-criminal-defense.xml,https://bedardandy.github.io/maine-government-feeds/feeds/json/role-criminal-defense.json,https://bedardandy.github.io/maine-government-feeds/calendar/role-criminal-defense.ics
role-family-law,Curated — Family Law,Curated Practice-Area Feeds,Family Law,curated-role,,,,https://bedardandy.github.io/maine-government-feeds/feeds/rss/role-family-law.xml,https://bedardandy.github.io/maine-government-feeds/feeds/rss/role-family-law.xml,https://bedardandy.github.io/maine-government-feeds/feeds/atom/role-family-law.xml,https://bedardandy.github.io/maine-government-feeds/feeds/json/role-family-law.json,https://bedardandy.github.io/maine-government-feeds/calendar/role-family-law.ics
role-consumer-protection,Curated — Consumer Protection,Curated Practice-Area Feeds,Consumer Protection,curated-role,,,,https://bedardandy.github.io/maine-government-feeds/feeds/rss/role-consumer-protection.xml,https://bedardandy.github.io/maine-government-feeds/feeds/rss/role-consumer-protection.xml,https://bedardandy.github.io/maine-government-feeds/feeds/atom/role-consumer-protection.xml,https://bedardandy.github.io/maine-government-feeds/feeds/json/role-consumer-protection.json,https://bedardandy.github.io/maine-government-feeds/calendar/role-consumer-protection.ics
role-tax,Curated — Tax,Curated Practice-Area Feeds,Tax,curated-role,,,,https://bedardandy.github.io/maine-government-feeds/feeds/rss/role-tax.xml,https://bedardandy.github.io/maine-government-feeds/feeds/rss/role-tax.xml,https://bedardandy.github.io/maine-government-feeds/feeds/atom/role-tax.xml,https://bedardandy.github.io/maine-government-feeds/feeds/json/role-tax.json,https://bedardandy.github.io/maine-government-feeds/calendar/role-tax.ics
role-securities-financial,Curated — Securities & Financial Regulation,Curated Practice-Area Feeds,Securities & Financial Regulation,curated-role,,,,https://bedardandy.github.io/maine-government-feeds/feeds/rss/role-securities-financial.xml,https://bedardandy.github.io/maine-government-feeds/feeds/rss/role-securities-financial.xml,https://bedardandy.github.io/maine-government-feeds/feeds/atom/role-securities-financial.xml,https://bedardandy.github.io/maine-government-feeds/feeds/json/role-securities-financial.json,https://bedardandy.github.io/maine-government-feeds/calendar/role-securities-financial.ics
role-healthcare-human-services,Curated — Healthcare & Human Services,Curated Practice-Area Feeds,Healthcare & Human Services,curated-role,,,,https://bedardandy.github.io/maine-government-feeds/feeds/rss/role-healthcare-human-services.xml,https://bedardandy.github.io/maine-government-feeds/feeds/rss/role-healthcare-human-services.xml,https://bedardandy.github.io/maine-government-feeds/feeds/atom/role-healthcare-human-services.xml,https://bedardandy.github.io/maine-government-feeds/feeds/json/role-healthcare-human-services.json,https://bedardandy.github.io/maine-government-feeds/calendar/role-healthcare-human-services.ics
role-environmental-land-use,Curated — Environmental & Land Use,Curated Practice-Area Feeds,Environmental & Land Use,curated-role,,,,https://bedardandy.github.io/maine-government-feeds/feeds/rss/role-environmental-land-use.xml,https://bedardandy.github.io/maine-government-feeds/feeds/rss/role-environmental-land-use.xml,https://bedardandy.github.io/maine-government-feeds/feeds/atom/role-environmental-land-use.xml,https://bedardandy.github.io/maine-government-feeds/feeds/json/role-environmental-land-use.json,https://bedardandy.github.io/maine-government-feeds/calendar/role-environmental-land-use.ics
role-professional-responsibility,Curated — Professional Responsibility & Ethics,Curated Practice-Area Feeds,Professional Responsibility & Ethics,curated-role,,,,https://bedardandy.github.io/maine-government-feeds/feeds/rss/role-professional-responsibility.xml,https://bedardandy.github.io/maine-government-feeds/feeds/rss/role-professional-responsibility.xml,https://bedardandy.github.io/maine-government-feeds/feeds/atom/role-professional-responsibility.xml,https://bedardandy.github.io/maine-government-feeds/feeds/json/role-professional-responsibility.json,https://bedardandy.github.io/maine-government-feeds/calendar/role-professional-responsibility.ics
